celltypes_ID,Metabolite,metabolites_ID,"edge_types (2 represents intake, 3 represents secretion and 5 represents intake and secretion)",Justification based on Human1-transport reactions were only considered if there were genes associated with them. Passive diffusion reactions were neglected.
1,Glucose,C00031,5,Reversible transport reactions
1,Ascorbic acid,C00072,5,"Both uptake and secretion reactions found, reversible transport"
1,Glu,C00025,5,"Both uptake and secretion reactions found, reversible transport"
1,Ala,C00041,5,"Both uptake and secretion reactions found, reversible transport"
1,Succinate,C00042,2,No secretion reactions found
1,Lactate,C00186,5,Reversible transport reactions found
1,Glyceraldehyde-3-phosphate,C00661,0,No transport reactions found
1,Lys,C00047,2,No secretion reactions found
1,Val,C00183,2,No secretion reactions found
1,Ketoglutaric acid,C00026,3,No uptake reactions found
1,Asp,C00049,5,Active uptake reaction and diffusive transport out
1,Leu,C00123,5,Active uptake reaction and diffusive transport out
1,Gly,C00037,5,"Several active uptake reactions, one reversible H symport"
1,Maleic acid,C01384,0,No transport reactions found
1,Methylmalonic acid,C02170,5,Several reversible symport reactions found
1,Pyruvic acid,C00022,5,One proton symport and one reversible transport reaction found
1,Ile,C00407,5,One symport and several reversible transport reactions found
1,Tyr,C00082,5,"Several active uptake reactions, one diffusive transport reaction"
1,Pro,C00148,5,Uptake as well as reversible transport reactions found
1,Thr,C00188,5,Uptake as well as reversible transport reactions found
1,Citrulline,C00327,5,Reversible transport reactions found
1,Phe,C00079,5,One reversible diffusion transport reaction
1,Ser,C00065,5,Uptake and reversible transport reactions
1,Malate,C00711,5,One facilitated secretion? And some reversible diffusive transport reactions
1,Met,C00073,2,"Mostly uptake, one reversible diffusion?"
1,Gln,C00064,5,"Both uptake and secretion reactions found, reversible transport"
1,His,C00135,5,"Both uptake and secretion reactions found, reversible transport"
1,Arg,C00062,5,"Uptake, diffusion, and one reversible antiporter with ornithine"
1,Trp,C00078,5,"Both uptake and secretion reactions found, reversible transport"
1,Citrate,C00158,5,Several reversible symport reactions found
1,Malonate,C00383,0,No transport reactions found
1,Asn,C00152,5,Uptake and reversible transport reactions
1,G6P,C00092,0,No transport reactions found
1,G1P,C00103,0,No transport reactions found
1,Cystine,C00491,5,Several reversible transport reactions found
2,Glucose,C00031,5,"Both uptake and secretion reactions found, reversible transport"
2,Ascorbic acid,C00072,5,"Both uptake and secretion reactions found, reversible transport"
2,Glu,C00025,5,"Both uptake and secretion reactions found, reversible transport"
2,Ala,C00041,5,"Both uptake and secretion reactions found, reversible transport"
2,Succinate,C00042,2,No secretion reactions found
2,Lactate,C00186,5,Reversible transport reactions found
2,Glyceraldehyde-3-phosphate,C00661,0,No transport reactions found
2,Lys,C00047,2,No secretion reactions found
2,Val,C00183,2,No secretion reactions found
2,Ketoglutaric acid,C00026,3,No uptake reactions found
2,Asp,C00049,5,Active uptake reaction and diffusive transport out
2,Leu,C00123,5,Active uptake reaction and diffusive transport out
2,Gly,C00037,5,"Several active uptake reactions, one reversible H symport"
2,Maleic acid,C01384,0,No transport reactions found
2,Methylmalonic acid,C02170,5,Several reversible symport reactions found
2,Pyruvic acid,C00022,5,One proton symport and one reversible transport reaction found
2,Ile,C00407,5,One symport and several reversible transport reactions found
2,Tyr,C00082,5,"Several active uptake reactions, one diffusive transport reaction"
2,Pro,C00148,5,Uptake as well as reversible transport reactions found
2,Thr,C00188,5,Uptake as well as reversible transport reactions found
2,Citrulline,C00327,5,Reversible transport reactions found
2,Phe,C00079,5,One reversible diffusion transport reaction
2,Ser,C00065,5,Uptake and reversible transport reactions
2,Malate,C00711,5,One facilitated secretion? And some reversible diffusive transport reactions
2,Met,C00073,2,"Mostly uptake, one reversible diffusion?"
2,Gln,C00064,5,"Both uptake and secretion reactions found, reversible transport"
2,His,C00135,5,"Both uptake and secretion reactions found, reversible transport"
2,Arg,C00062,5,"Uptake, diffusion, and one reversible antiporter with ornithine"
2,Trp,C00078,5,"Both uptake and secretion reactions found, reversible transport"
2,Citrate,C00158,5,Several reversible symport reactions found
2,Malonate,C00383,0,No transport reactions found
2,Asn,C00152,5,Uptake and reversible transport reactions
2,G6P,C00092,0,No transport reactions found
2,G1P,C00103,0,No transport reactions found
2,Cystine,C00491,5,Several reversible transport reactions found
3,Glucose,C00031,5,"Both uptake and secretion reactions found, reversible transport"
3,Ascorbic acid,C00072,5,"Both uptake and secretion reactions found, reversible transport"
3,Glu,C00025,5,"Both uptake and secretion reactions found, reversible transport"
3,Ala,C00041,5,"Both uptake and secretion reactions found, reversible transport"
3,Succinate,C00042,2,No secretion reactions found
3,Lactate,C00186,5,Reversible transport reactions found
3,Glyceraldehyde-3-phosphate,C00661,0,No transport reactions found
3,Lys,C00047,2,No secretion reactions found
3,Val,C00183,2,No secretion reactions found
3,Ketoglutaric acid,C00026,3,No uptake reactions found
3,Asp,C00049,5,Active uptake reaction and diffusive transport out
3,Leu,C00123,5,Active uptake reaction and diffusive transport out
3,Gly,C00037,5,"Several active uptake reactions, one reversible H symport"
3,Maleic acid,C01384,0,No transport reactions found
3,Methylmalonic acid,C02170,5,Several reversible symport reactions found
3,Pyruvic acid,C00022,5,One proton symport and one reversible transport reaction found
3,Ile,C00407,5,One symport and several reversible transport reactions found
3,Tyr,C00082,5,"Several active uptake reactions, one diffusive transport reaction"
3,Pro,C00148,5,Uptake as well as reversible transport reactions found
3,Thr,C00188,5,Uptake as well as reversible transport reactions found
3,Citrulline,C00327,5,Reversible transport reactions found
3,Phe,C00079,5,One reversible diffusion transport reaction
3,Ser,C00065,5,Uptake and reversible transport reactions
3,Malate,C00711,5,One facilitated secretion? And some reversible diffusive transport reactions
3,Met,C00073,2,"Mostly uptake, one reversible diffusion?"
3,Gln,C00064,5,"Both uptake and secretion reactions found, reversible transport"
3,His,C00135,5,"Both uptake and secretion reactions found, reversible transport"
3,Arg,C00062,5,"Uptake, diffusion, and one reversible antiporter with ornithine"
3,Trp,C00078,5,"Both uptake and secretion reactions found, reversible transport"
3,Citrate,C00158,5,Several reversible symport reactions found
3,Malonate,C00383,0,No transport reactions found
3,Asn,C00152,5,Uptake and reversible transport reactions
3,G6P,C00092,0,No transport reactions found
3,G1P,C00103,0,No transport reactions found
3,Cystine,C00491,5,Several reversible transport reactions found
4,Glucose,C00031,5,"Both uptake and secretion reactions found, reversible transport"
4,Ascorbic acid,C00072,5,"Both uptake and secretion reactions found, reversible transport"
4,Glu,C00025,5,"Both uptake and secretion reactions found, reversible transport"
4,Ala,C00041,5,"Both uptake and secretion reactions found, reversible transport"
4,Succinate,C00042,2,No secretion reactions found
4,Lactate,C00186,5,Reversible transport reactions found
4,Glyceraldehyde-3-phosphate,C00661,0,No transport reactions found
4,Lys,C00047,2,No secretion reactions found
4,Val,C00183,2,No secretion reactions found
4,Ketoglutaric acid,C00026,3,No uptake reactions found
4,Asp,C00049,5,Active uptake reaction and diffusive transport out
4,Leu,C00123,5,Active uptake reaction and diffusive transport out
4,Gly,C00037,5,"Several active uptake reactions, one reversible H symport"
4,Maleic acid,C01384,0,No transport reactions found
4,Methylmalonic acid,C02170,5,Several reversible symport reactions found
4,Pyruvic acid,C00022,5,One proton symport and one reversible transport reaction found
4,Ile,C00407,5,One symport and several reversible transport reactions found
4,Tyr,C00082,5,"Several active uptake reactions, one diffusive transport reaction"
4,Pro,C00148,5,Uptake as well as reversible transport reactions found
4,Thr,C00188,5,Uptake as well as reversible transport reactions found
4,Citrulline,C00327,5,Reversible transport reactions found
4,Phe,C00079,5,One reversible diffusion transport reaction
4,Ser,C00065,5,Uptake and reversible transport reactions
4,Malate,C00711,5,One facilitated secretion? And some reversible diffusive transport reactions
4,Met,C00073,2,"Mostly uptake, one reversible diffusion?"
4,Gln,C00064,5,"Both uptake and secretion reactions found, reversible transport"
4,His,C00135,5,"Both uptake and secretion reactions found, reversible transport"
4,Arg,C00062,5,"Uptake, diffusion, and one reversible antiporter with ornithine"
4,Trp,C00078,5,"Both uptake and secretion reactions found, reversible transport"
4,Citrate,C00158,5,Several reversible symport reactions found
4,Malonate,C00383,0,No transport reactions found
4,Asn,C00152,5,Uptake and reversible transport reactions
4,G6P,C00092,0,No transport reactions found
4,G1P,C00103,0,No transport reactions found
4,Cystine,C00491,5,Several reversible transport reactions found
5,Glucose,C00031,5,"Both uptake and secretion reactions found, reversible transport"
5,Ascorbic acid,C00072,5,"Both uptake and secretion reactions found, reversible transport"
5,Glu,C00025,5,"Both uptake and secretion reactions found, reversible transport"
5,Ala,C00041,5,"Both uptake and secretion reactions found, reversible transport"
5,Succinate,C00042,2,No secretion reactions found
5,Lactate,C00186,5,Reversible transport reactions found
5,Glyceraldehyde-3-phosphate,C00661,0,No transport reactions found
5,Lys,C00047,2,No secretion reactions found
5,Val,C00183,2,No secretion reactions found
5,Ketoglutaric acid,C00026,3,No uptake reactions found
5,Asp,C00049,5,Active uptake reaction and diffusive transport out
5,Leu,C00123,5,Active uptake reaction and diffusive transport out
5,Gly,C00037,5,"Several active uptake reactions, one reversible H symport"
5,Maleic acid,C01384,0,No transport reactions found
5,Methylmalonic acid,C02170,5,Several reversible symport reactions found
5,Pyruvic acid,C00022,5,One proton symport and one reversible transport reaction found
5,Ile,C00407,5,One symport and several reversible transport reactions found
5,Tyr,C00082,5,"Several active uptake reactions, one diffusive transport reaction"
5,Pro,C00148,5,Uptake as well as reversible transport reactions found
5,Thr,C00188,5,Uptake as well as reversible transport reactions found
5,Citrulline,C00327,5,Reversible transport reactions found
5,Phe,C00079,5,One reversible diffusion transport reaction
5,Ser,C00065,5,Uptake and reversible transport reactions
5,Malate,C00711,5,One facilitated secretion? And some reversible diffusive transport reactions
5,Met,C00073,2,"Mostly uptake, one reversible diffusion?"
5,Gln,C00064,5,"Both uptake and secretion reactions found, reversible transport"
5,His,C00135,5,"Both uptake and secretion reactions found, reversible transport"
5,Arg,C00062,5,"Uptake, diffusion, and one reversible antiporter with ornithine"
5,Trp,C00078,5,"Both uptake and secretion reactions found, reversible transport"
5,Citrate,C00158,5,Several reversible symport reactions found
5,Malonate,C00383,0,No transport reactions found
5,Asn,C00152,5,Uptake and reversible transport reactions
5,G6P,C00092,0,No transport reactions found
5,G1P,C00103,0,No transport reactions found
5,Cystine,C00491,5,Several reversible transport reactions found
